category,text
Business,"Stock markets rose after a stronger earnings season while investors watched inflation data and central bank policy signals."
Business,"Retail companies reported higher online sales as consumers searched for discounts delivery options and flexible payment plans."
Business,"A major airline announced new routes and fuel savings helping its revenue forecast improve despite competition."
Business,"Banking leaders said small firms are seeking more credit as demand returns in construction logistics and hospitality."
Politics,"The prime minister defended the budget in parliament and said public spending would support health care and education."
Politics,"Opposition leaders called for an inquiry after ministers faced questions about campaign donations and contracts."
Politics,"Voters will go to the polls next month after election officials confirmed the final candidate list."
Politics,"Lawmakers debated a security bill that would expand privacy protections while increasing cyber attack penalties."
Sports,"The football club moved to the top of the league after a late goal sealed a dramatic win."
Sports,"A tennis champion reached the final after serving powerfully and winning key points under pressure."
Sports,"The national cricket team completed a series victory as bowlers controlled the middle overs."
Sports,"Basketball fans celebrated after the star guard scored thirty points in the playoff match."
Entertainment,"The actor received strong reviews for a new drama film that opened at the festival."
Entertainment,"A popular singer announced a world tour with concerts in major cities and songs from the latest album."
Entertainment,"Streaming audiences watched a comedy series in record numbers after social media clips gained attention."
Entertainment,"The awards ceremony honored directors musicians writers and performers during a televised event."
Technology,"Researchers unveiled a faster processor designed for mobile devices with better battery life."
Technology,"A cybersecurity company warned businesses to update servers after analysts found a serious vulnerability."
Technology,"The startup launched a cloud platform that helps teams manage data pipelines and automate routine tasks."
Technology,"Developers released an open source database update with faster search encryption and backup tools."
Technology,"A software company introduced new artificial intelligence tools for developers building secure cloud applications and faster digital products."